Function Name,MD5 Hash
add_int,b5b537f0fe6a50a3ebda53497085ecc2
add_double,9d66ca16406a4052d95f060b1522d97a
multiply,25951f36d7a7332e8297ef4bbbe8ad25
isEven,f7b59318ead3b7c4095278fc45d0c0cc
isPrime,08816e39995e632b216b5d0f18302235
generatePrimes,35f08bea48404de9e00a9ed531feb533
for,293f069d117b3534ac0b5ce008b17d99
printArray,771f3e78b811ec3e5db757ef96a1948b
factorial,cf1157529150c07fe9e6d60eaab5c489
printFactorials,74131b03567c959cdc359a4703895ead
fibonacci,6a9f2fa1bcb983bc5685b86db4c8bf8f
printFibonacci,e7de31ba6f26cd3d5d01127308a8b774
maxInArray,5921b109117899d6c6cb8f691f2382c4
minInArray,0e49a9d6325d947535a2d0aa8a05a5fd
average,004e5d127981cf0b91ba10f30dfa579f
contains,f9591a077525ced438313d38e70da10e
reverseArray,5d4b99870c683abc02bfdd2fac475823
sortArray,9f22c16b3f5cd482269223c972475e43
if,723368060950e4b92ddfc988b7ce80a8
gcd,6bc1838e38dcd376b55ebb21f9c80c80
lcm,19508ecbc62af6a14770d655a41b4d42
toUpperStr,123965b636229ce3ab289b0877a17537
toLowerStr,8ac750d9dbbe62da1690199cace3a714
isPalindrome,84ee9c22ec6efdf7e0bb3a13ad58be68
countVowels,5158a6c808de564baaca38e15b5b459f
printAsciiTable,5ca5e9518a5ad9b16944d6bb6f0eac15
swapValues,c15f5b59078c0944d263eaf3a360ad58
sumOfDigits,89caf6b1fa47628cff49bcc58c6b6948
while,90b5c52f7a0c5e09323df0676baa8acd
power,c8e3c558377cbaab7cca06bf53f5037c
drawBox,9b01138d769859776e642cab340e7277
printMultiplicationTable,85aaa12f9d08f1c282918ada6bebe613
isLeapYear,d9809af26fb4704def8fd6f1b1966f2d
countDown,bf0180f1ff65d7c425b82d351e6a48d5
fizzBuzz,e1e9a2c32c795212ac882d2e04f81170
isArmstrong,7c24e96e0f06cc7ea155bef1ab769dc4
printBarChart,c0df64b0648d1f6766c21c673439d8b6
sumRange,5e035b397398b596343d53dd287c23c0
areAnagrams,e0b548e8642b8c8873846789d412e86b
drawTriangle,f80b662647a40afd0a725b1c1f4df850
drawPyramid,92dd5f667d3a653ce6c9ab7d6e32caf3
greeting,d49f676b6a11df5db1f8b612c06d986e
sumOfSquares,b19deba7a2f408fa08ea54e7c6f4d2fa
isPerfectSquare,b21d09191e84a9f27195af331b0913d0
printTable,5beffa1dc2bb1f112ebc15da872873d4
charCount,300ff3dc207e125aaf4e456daed7dccd
welcomeBanner,76acd7700c744ea42fa97efde3ddb10a
main,9f1703fa59df2d6e9c6bb55d3cfacd7f
